Unique Id,indicator_id,geo_type_id,measurement_type_id,internal_id,subtopic_id,name,Measure,geo_type_name,description,geo_entity_id,geo_entity_name,year_description,data_value,message
412521,375,3,104,2025,122,Nitrogen Dioxide (NO2),Mean,UHF42,Neighborhood (UHF 42),404,Bayside - Little Neck,2016 Summer,12.73,
549855,375,3,104,2025,122,Nitrogen Dioxide (NO2),Mean,UHF42,Neighborhood (UHF 42),404,Bayside - Little Neck,2016-17 Winter,23.82,
549853,375,3,104,2025,122,Nitrogen Dioxide (NO2),Mean,UHF42,Neighborhood (UHF 42),404,Bayside - Little Neck,2017 Summer,12.58,
602797,375,3,104,2025,122,Nitrogen Dioxide (NO2),Mean,UHF42,Neighborhood (UHF 42),404,Bayside - Little Neck,2017-18 Winter,21.85,
602796,375,3,104,2025,122,Nitrogen Dioxide (NO2),Mean,UHF42,Neighborhood (UHF 42),404,Bayside - Little Neck,2018 Summer,11.72,
643413,375,3,104,2025,122,Nitrogen Dioxide (NO2),Mean,UHF42,Neighborhood (UHF 42),404,Bayside - Little Neck,2018-19 Winter,18.18,
643412,375,3,104,2025,122,Nitrogen Dioxide (NO2),Mean,UHF42,Neighborhood (UHF 42),404,Bayside - Little Neck,2019 Summer,12.49,
667244,375,3,104,2025,122,Nitrogen Dioxide (NO2),Mean,UHF42,Neighborhood (UHF 42),404,Bayside - Little Neck,2019-20 Winter,19.92,
667245,375,3,104,2025,122,Nitrogen Dioxide (NO2),Mean,UHF42,Neighborhood (UHF 42),404,Bayside - Little Neck,2020 Summer,8.71,
412455,375,3,104,2025,122,Nitrogen Dioxide (NO2),Mean,UHF42,Neighborhood (UHF 42),203,Bedford Stuyvesant - Crown Heights,2016 Summer,15.36,
549789,375,3,104,2025,122,Nitrogen Dioxide (NO2),Mean,UHF42,Neighborhood (UHF 42),203,Bedford Stuyvesant - Crown Heights,2016-17 Winter,26.17,
549787,375,3,104,2025,122,Nitrogen Dioxide (NO2),Mean,UHF42,Neighborhood (UHF 42),203,Bedford Stuyvesant - Crown Heights,2017 Summer,15.17,
602731,375,3,104,2025,122,Nitrogen Dioxide (NO2),Mean,UHF42,Neighborhood (UHF 42),203,Bedford Stuyvesant - Crown Heights,2017-18 Winter,26.16,
602730,375,3,104,2025,122,Nitrogen Dioxide (NO2),Mean,UHF42,Neighborhood (UHF 42),203,Bedford Stuyvesant - Crown Heights,2018 Summer,14.02,
643347,375,3,104,2025,122,Nitrogen Dioxide (NO2),Mean,UHF42,Neighborhood (UHF 42),203,Bedford Stuyvesant - Crown Heights,2018-19 Winter,23.23,
643346,375,3,104,2025,122,Nitrogen Dioxide (NO2),Mean,UHF42,Neighborhood (UHF 42),203,Bedford Stuyvesant - Crown Heights,2019 Summer,14.34,
667112,375,3,104,2025,122,Nitrogen Dioxide (NO2),Mean,UHF42,Neighborhood (UHF 42),203,Bedford Stuyvesant - Crown Heights,2019-20 Winter,27.58,
667113,375,3,104,2025,122,Nitrogen Dioxide (NO2),Mean,UHF42,Neighborhood (UHF 42),203,Bedford Stuyvesant - Crown Heights,2020 Summer,11.59,
412473,375,3,104,2025,122,Nitrogen Dioxide (NO2),Mean,UHF42,Neighborhood (UHF 42),209,Bensonhurst - Bay Ridge,2016 Summer,13.27,
549807,375,3,104,2025,122,Nitrogen Dioxide (NO2),Mean,UHF42,Neighborhood (UHF 42),209,Bensonhurst - Bay Ridge,2016-17 Winter,23.78,
549805,375,3,104,2025,122,Nitrogen Dioxide (NO2),Mean,UHF42,Neighborhood (UHF 42),209,Bensonhurst - Bay Ridge,2017 Summer,12.75,
602749,375,3,104,2025,122,Nitrogen Dioxide (NO2),Mean,UHF42,Neighborhood (UHF 42),209,Bensonhurst - Bay Ridge,2017-18 Winter,22.67,
602748,375,3,104,2025,122,Nitrogen Dioxide (NO2),Mean,UHF42,Neighborhood (UHF 42),209,Bensonhurst - Bay Ridge,2018 Summer,11.47,
643365,375,3,104,2025,122,Nitrogen Dioxide (NO2),Mean,UHF42,Neighborhood (UHF 42),209,Bensonhurst - Bay Ridge,2018-19 Winter,20.53,
643364,375,3,104,2025,122,Nitrogen Dioxide (NO2),Mean,UHF42,Neighborhood (UHF 42),209,Bensonhurst - Bay Ridge,2019 Summer,13,
667148,375,3,104,2025,122,Nitrogen Dioxide (NO2),Mean,UHF42,Neighborhood (UHF 42),209,Bensonhurst - Bay Ridge,2019-20 Winter,23.75,
667149,375,3,104,2025,122,Nitrogen Dioxide (NO2),Mean,UHF42,Neighborhood (UHF 42),209,Bensonhurst - Bay Ridge,2020 Summer,9.8,
412464,375,3,104,2025,122,Nitrogen Dioxide (NO2),Mean,UHF42,Neighborhood (UHF 42),206,Borough Park,2016 Summer,14.25,
549798,375,3,104,2025,122,Nitrogen Dioxide (NO2),Mean,UHF42,Neighborhood (UHF 42),206,Borough Park,2016-17 Winter,25.04,
549796,375,3,104,2025,122,Nitrogen Dioxide (NO2),Mean,UHF42,Neighborhood (UHF 42),206,Borough Park,2017 Summer,13.77,
602740,375,3,104,2025,122,Nitrogen Dioxide (NO2),Mean,UHF42,Neighborhood (UHF 42),206,Borough Park,2017-18 Winter,24.2,
602739,375,3,104,2025,122,Nitrogen Dioxide (NO2),Mean,UHF42,Neighborhood (UHF 42),206,Borough Park,2018 Summer,12.59,
643356,375,3,104,2025,122,Nitrogen Dioxide (NO2),Mean,UHF42,Neighborhood (UHF 42),206,Borough Park,2018-19 Winter,21.76,
643355,375,3,104,2025,122,Nitrogen Dioxide (NO2),Mean,UHF42,Neighborhood (UHF 42),206,Borough Park,2019 Summer,13.58,
667130,375,3,104,2025,122,Nitrogen Dioxide (NO2),Mean,UHF42,Neighborhood (UHF 42),206,Borough Park,2019-20 Winter,25.64,
667131,375,3,104,2025,122,Nitrogen Dioxide (NO2),Mean,UHF42,Neighborhood (UHF 42),206,Borough Park,2020 Summer,10.74,
412470,375,3,104,2025,122,Nitrogen Dioxide (NO2),Mean,UHF42,Neighborhood (UHF 42),208,Canarsie - Flatlands,2016 Summer,9.96,
549804,375,3,104,2025,122,Nitrogen Dioxide (NO2),Mean,UHF42,Neighborhood (UHF 42),208,Canarsie - Flatlands,2016-17 Winter,22.76,
549802,375,3,104,2025,122,Nitrogen Dioxide (NO2),Mean,UHF42,Neighborhood (UHF 42),208,Canarsie - Flatlands,2017 Summer,10.26,
602746,375,3,104,2025,122,Nitrogen Dioxide (NO2),Mean,UHF42,Neighborhood (UHF 42),208,Canarsie - Flatlands,2017-18 Winter,20.54,
602745,375,3,104,2025,122,Nitrogen Dioxide (NO2),Mean,UHF42,Neighborhood (UHF 42),208,Canarsie - Flatlands,2018 Summer,9.05,
643362,375,3,104,2025,122,Nitrogen Dioxide (NO2),Mean,UHF42,Neighborhood (UHF 42),208,Canarsie - Flatlands,2018-19 Winter,18.66,
643361,375,3,104,2025,122,Nitrogen Dioxide (NO2),Mean,UHF42,Neighborhood (UHF 42),208,Canarsie - Flatlands,2019 Summer,9.24,
667142,375,3,104,2025,122,Nitrogen Dioxide (NO2),Mean,UHF42,Neighborhood (UHF 42),208,Canarsie - Flatlands,2019-20 Winter,22.86,
667143,375,3,104,2025,122,Nitrogen Dioxide (NO2),Mean,UHF42,Neighborhood (UHF 42),208,Canarsie - Flatlands,2020 Summer,8.63,
412485,375,3,104,2025,122,Nitrogen Dioxide (NO2),Mean,UHF42,Neighborhood (UHF 42),302,Central Harlem - Morningside Heights,2016 Summer,18.13,
549819,375,3,104,2025,122,Nitrogen Dioxide (NO2),Mean,UHF42,Neighborhood (UHF 42),302,Central Harlem - Morningside Heights,2016-17 Winter,28.51,
549817,375,3,104,2025,122,Nitrogen Dioxide (NO2),Mean,UHF42,Neighborhood (UHF 42),302,Central Harlem - Morningside Heights,2017 Summer,18.89,
602761,375,3,104,2025,122,Nitrogen Dioxide (NO2),Mean,UHF42,Neighborhood (UHF 42),302,Central Harlem - Morningside Heights,2017-18 Winter,27.52,
602760,375,3,104,2025,122,Nitrogen Dioxide (NO2),Mean,UHF42,Neighborhood (UHF 42),302,Central Harlem - Morningside Heights,2018 Summer,16.9,
643377,375,3,104,2025,122,Nitrogen Dioxide (NO2),Mean,UHF42,Neighborhood (UHF 42),302,Central Harlem - Morningside Heights,2018-19 Winter,24.69,
643376,375,3,104,2025,122,Nitrogen Dioxide (NO2),Mean,UHF42,Neighborhood (UHF 42),302,Central Harlem - Morningside Heights,2019 Summer,16.78,
667172,375,3,104,2025,122,Nitrogen Dioxide (NO2),Mean,UHF42,Neighborhood (UHF 42),302,Central Harlem - Morningside Heights,2019-20 Winter,26.6,
667173,375,3,104,2025,122,Nitrogen Dioxide (NO2),Mean,UHF42,Neighborhood (UHF 42),302,Central Harlem - Morningside Heights,2020 Summer,14.6,
412497,375,3,104,2025,122,Nitrogen Dioxide (NO2),Mean,UHF42,Neighborhood (UHF 42),306,Chelsea - Clinton,2016 Summer,24.97,
549831,375,3,104,2025,122,Nitrogen Dioxide (NO2),Mean,UHF42,Neighborhood (UHF 42),306,Chelsea - Clinton,2016-17 Winter,32.93,
549829,375,3,104,2025,122,Nitrogen Dioxide (NO2),Mean,UHF42,Neighborhood (UHF 42),306,Chelsea - Clinton,2017 Summer,26.19,
602773,375,3,104,2025,122,Nitrogen Dioxide (NO2),Mean,UHF42,Neighborhood (UHF 42),306,Chelsea - Clinton,2017-18 Winter,31.91,
602772,375,3,104,2025,122,Nitrogen Dioxide (NO2),Mean,UHF42,Neighborhood (UHF 42),306,Chelsea - Clinton,2018 Summer,24.85,
643389,375,3,104,2025,122,Nitrogen Dioxide (NO2),Mean,UHF42,Neighborhood (UHF 42),306,Chelsea - Clinton,2018-19 Winter,29.47,
643388,375,3,104,2025,122,Nitrogen Dioxide (NO2),Mean,UHF42,Neighborhood (UHF 42),306,Chelsea - Clinton,2019 Summer,24.86,
667196,375,3,104,2025,122,Nitrogen Dioxide (NO2),Mean,UHF42,Neighborhood (UHF 42),306,Chelsea - Clinton,2019-20 Winter,33.6,
667197,375,3,104,2025,122,Nitrogen Dioxide (NO2),Mean,UHF42,Neighborhood (UHF 42),306,Chelsea - Clinton,2020 Summer,19.29,
412476,375,3,104,2025,122,Nitrogen Dioxide (NO2),Mean,UHF42,Neighborhood (UHF 42),210,Coney Island - Sheepshead Bay,2016 Summer,10.44,
549810,375,3,104,2025,122,Nitrogen Dioxide (NO2),Mean,UHF42,Neighborhood (UHF 42),210,Coney Island - Sheepshead Bay,2016-17 Winter,23.25,
549808,375,3,104,2025,122,Nitrogen Dioxide (NO2),Mean,UHF42,Neighborhood (UHF 42),210,Coney Island - Sheepshead Bay,2017 Summer,10.7,
602752,375,3,104,2025,122,Nitrogen Dioxide (NO2),Mean,UHF42,Neighborhood (UHF 42),210,Coney Island - Sheepshead Bay,2017-18 Winter,19.73,
602751,375,3,104,2025,122,Nitrogen Dioxide (NO2),Mean,UHF42,Neighborhood (UHF 42),210,Coney Island - Sheepshead Bay,2018 Summer,9.1,
643368,375,3,104,2025,122,Nitrogen Dioxide (NO2),Mean,UHF42,Neighborhood (UHF 42),210,Coney Island - Sheepshead Bay,2018-19 Winter,18.52,
643367,375,3,104,2025,122,Nitrogen Dioxide (NO2),Mean,UHF42,Neighborhood (UHF 42),210,Coney Island - Sheepshead Bay,2019 Summer,9.97,
667154,375,3,104,2025,122,Nitrogen Dioxide (NO2),Mean,UHF42,Neighborhood (UHF 42),210,Coney Island - Sheepshead Bay,2019-20 Winter,22.1,
667155,375,3,104,2025,122,Nitrogen Dioxide (NO2),Mean,UHF42,Neighborhood (UHF 42),210,Coney Island - Sheepshead Bay,2020 Summer,8.92,
412440,375,3,104,2025,122,Nitrogen Dioxide (NO2),Mean,UHF42,Neighborhood (UHF 42),105,Crotona -Tremont,2016 Summer,16.73,
549774,375,3,104,2025,122,Nitrogen Dioxide (NO2),Mean,UHF42,Neighborhood (UHF 42),105,Crotona -Tremont,2016-17 Winter,27.7,
549772,375,3,104,2025,122,Nitrogen Dioxide (NO2),Mean,UHF42,Neighborhood (UHF 42),105,Crotona -Tremont,2017 Summer,17.12,
602716,375,3,104,2025,122,Nitrogen Dioxide (NO2),Mean,UHF42,Neighborhood (UHF 42),105,Crotona -Tremont,2017-18 Winter,25.81,
602715,375,3,104,2025,122,Nitrogen Dioxide (NO2),Mean,UHF42,Neighborhood (UHF 42),105,Crotona -Tremont,2018 Summer,15.18,
643332,375,3,104,2025,122,Nitrogen Dioxide (NO2),Mean,UHF42,Neighborhood (UHF 42),105,Crotona -Tremont,2018-19 Winter,22.62,
643331,375,3,104,2025,122,Nitrogen Dioxide (NO2),Mean,UHF42,Neighborhood (UHF 42),105,Crotona -Tremont,2019 Summer,14.38,
667082,375,3,104,2025,122,Nitrogen Dioxide (NO2),Mean,UHF42,Neighborhood (UHF 42),105,Crotona -Tremont,2019-20 Winter,24.76,
667083,375,3,104,2025,122,Nitrogen Dioxide (NO2),Mean,UHF42,Neighborhood (UHF 42),105,Crotona -Tremont,2020 Summer,14.53,
412452,375,3,104,2025,122,Nitrogen Dioxide (NO2),Mean,UHF42,Neighborhood (UHF 42),202,Downtown - Heights - Slope,2016 Summer,17.32,
549786,375,3,104,2025,122,Nitrogen Dioxide (NO2),Mean,UHF42,Neighborhood (UHF 42),202,Downtown - Heights - Slope,2016-17 Winter,26.27,
549784,375,3,104,2025,122,Nitrogen Dioxide (NO2),Mean,UHF42,Neighborhood (UHF 42),202,Downtown - Heights - Slope,2017 Summer,16.62,
602728,375,3,104,2025,122,Nitrogen Dioxide (NO2),Mean,UHF42,Neighborhood (UHF 42),202,Downtown - Heights - Slope,2017-18 Winter,27.19,
602727,375,3,104,2025,122,Nitrogen Dioxide (NO2),Mean,UHF42,Neighborhood (UHF 42),202,Downtown - Heights - Slope,2018 Summer,16.37,
643344,375,3,104,2025,122,Nitrogen Dioxide (NO2),Mean,UHF42,Neighborhood (UHF 42),202,Downtown - Heights - Slope,2018-19 Winter,24.83,
643343,375,3,104,2025,122,Nitrogen Dioxide (NO2),Mean,UHF42,Neighborhood (UHF 42),202,Downtown - Heights - Slope,2019 Summer,17.99,
667106,375,3,104,2025,122,Nitrogen Dioxide (NO2),Mean,UHF42,Neighborhood (UHF 42),202,Downtown - Heights - Slope,2019-20 Winter,28.64,
667107,375,3,104,2025,122,Nitrogen Dioxide (NO2),Mean,UHF42,Neighborhood (UHF 42),202,Downtown - Heights - Slope,2020 Summer,12.96,
412467,375,3,104,2025,122,Nitrogen Dioxide (NO2),Mean,UHF42,Neighborhood (UHF 42),207,East Flatbush - Flatbush,2016 Summer,13.98,
549801,375,3,104,2025,122,Nitrogen Dioxide (NO2),Mean,UHF42,Neighborhood (UHF 42),207,East Flatbush - Flatbush,2016-17 Winter,25.18,
549799,375,3,104,2025,122,Nitrogen Dioxide (NO2),Mean,UHF42,Neighborhood (UHF 42),207,East Flatbush - Flatbush,2017 Summer,13.75,
602743,375,3,104,2025,122,Nitrogen Dioxide (NO2),Mean,UHF42,Neighborhood (UHF 42),207,East Flatbush - Flatbush,2017-18 Winter,24.33,
602742,375,3,104,2025,122,Nitrogen Dioxide (NO2),Mean,UHF42,Neighborhood (UHF 42),207,East Flatbush - Flatbush,2018 Summer,12.34,
643359,375,3,104,2025,122,Nitrogen Dioxide (NO2),Mean,UHF42,Neighborhood (UHF 42),207,East Flatbush - Flatbush,2018-19 Winter,21.71,
643358,375,3,104,2025,122,Nitrogen Dioxide (NO2),Mean,UHF42,Neighborhood (UHF 42),207,East Flatbush - Flatbush,2019 Summer,12.75,
667136,375,3,104,2025,122,Nitrogen Dioxide (NO2),Mean,UHF42,Neighborhood (UHF 42),207,East Flatbush - Flatbush,2019-20 Winter,26.13,
667137,375,3,104,2025,122,Nitrogen Dioxide (NO2),Mean,UHF42,Neighborhood (UHF 42),207,East Flatbush - Flatbush,2020 Summer,10.66,
412488,375,3,104,2025,122,Nitrogen Dioxide (NO2),Mean,UHF42,Neighborhood (UHF 42),303,East Harlem,2016 Summer,17.82,
549822,375,3,104,2025,122,Nitrogen Dioxide (NO2),Mean,UHF42,Neighborhood (UHF 42),303,East Harlem,2016-17 Winter,28.06,
549820,375,3,104,2025,122,Nitrogen Dioxide (NO2),Mean,UHF42,Neighborhood (UHF 42),303,East Harlem,2017 Summer,18.57,
602764,375,3,104,2025,122,Nitrogen Dioxide (NO2),Mean,UHF42,Neighborhood (UHF 42),303,East Harlem,2017-18 Winter,26.75,
602763,375,3,104,2025,122,Nitrogen Dioxide (NO2),Mean,UHF42,Neighborhood (UHF 42),303,East Harlem,2018 Summer,16.41,
643380,375,3,104,2025,122,Nitrogen Dioxide (NO2),Mean,UHF42,Neighborhood (UHF 42),303,East Harlem,2018-19 Winter,24.44,
643379,375,3,104,2025,122,Nitrogen Dioxide (NO2),Mean,UHF42,Neighborhood (UHF 42),303,East Harlem,2019 Summer,16.73,
667178,375,3,104,2025,122,Nitrogen Dioxide (NO2),Mean,UHF42,Neighborhood (UHF 42),303,East Harlem,2019-20 Winter,26.76,
667179,375,3,104,2025,122,Nitrogen Dioxide (NO2),Mean,UHF42,Neighborhood (UHF 42),303,East Harlem,2020 Summer,14.24,
412458,375,3,104,2025,122,Nitrogen Dioxide (NO2),Mean,UHF42,Neighborhood (UHF 42),204,East New York,2016 Summer,13.07,
549792,375,3,104,2025,122,Nitrogen Dioxide (NO2),Mean,UHF42,Neighborhood (UHF 42),204,East New York,2016-17 Winter,24.86,
549790,375,3,104,2025,122,Nitrogen Dioxide (NO2),Mean,UHF42,Neighborhood (UHF 42),204,East New York,2017 Summer,13.39,
602734,375,3,104,2025,122,Nitrogen Dioxide (NO2),Mean,UHF42,Neighborhood (UHF 42),204,East New York,2017-18 Winter,24.54,
602733,375,3,104,2025,122,Nitrogen Dioxide (NO2),Mean,UHF42,Neighborhood (UHF 42),204,East New York,2018 Summer,11.97,
643350,375,3,104,2025,122,Nitrogen Dioxide (NO2),Mean,UHF42,Neighborhood (UHF 42),204,East New York,2018-19 Winter,21.57,
643349,375,3,104,2025,122,Nitrogen Dioxide (NO2),Mean,UHF42,Neighborhood (UHF 42),204,East New York,2019 Summer,11.97,
667118,375,3,104,2025,122,Nitrogen Dioxide (NO2),Mean,UHF42,Neighborhood (UHF 42),204,East New York,2019-20 Winter,25.5,
667119,375,3,104,2025,122,Nitrogen Dioxide (NO2),Mean,UHF42,Neighborhood (UHF 42),204,East New York,2020 Summer,10.42,
412518,375,3,104,2025,122,Nitrogen Dioxide (NO2),Mean,UHF42,Neighborhood (UHF 42),403,Flushing - Clearview,2016 Summer,14.08,
549852,375,3,104,2025,122,Nitrogen Dioxide (NO2),Mean,UHF42,Neighborhood (UHF 42),403,Flushing - Clearview,2016-17 Winter,25.52,
549850,375,3,104,2025,122,Nitrogen Dioxide (NO2),Mean,UHF42,Neighborhood (UHF 42),403,Flushing - Clearview,2017 Summer,13.95,
602794,375,3,104,2025,122,Nitrogen Dioxide (NO2),Mean,UHF42,Neighborhood (UHF 42),403,Flushing - Clearview,2017-18 Winter,24.42,
602793,375,3,104,2025,122,Nitrogen Dioxide (NO2),Mean,UHF42,Neighborhood (UHF 42),403,Flushing - Clearview,2018 Summer,12.95,
643410,375,3,104,2025,122,Nitrogen Dioxide (NO2),Mean,UHF42,Neighborhood (UHF 42),403,Flushing - Clearview,2018-19 Winter,21.25,
643409,375,3,104,2025,122,Nitrogen Dioxide (NO2),Mean,UHF42,Neighborhood (UHF 42),403,Flushing - Clearview,2019 Summer,13.61,
667238,375,3,104,2025,122,Nitrogen Dioxide (NO2),Mean,UHF42,Neighborhood (UHF 42),403,Flushing - Clearview,2019-20 Winter,22.92,
667239,375,3,104,2025,122,Nitrogen Dioxide (NO2),Mean,UHF42,Neighborhood (UHF 42),403,Flushing - Clearview,2020 Summer,11.03,
412434,375,3,104,2025,122,Nitrogen Dioxide (NO2),Mean,UHF42,Neighborhood (UHF 42),103,Fordham - Bronx Pk,2016 Summer,14.79,
549768,375,3,104,2025,122,Nitrogen Dioxide (NO2),Mean,UHF42,Neighborhood (UHF 42),103,Fordham - Bronx Pk,2016-17 Winter,26.33,
549766,375,3,104,2025,122,Nitrogen Dioxide (NO2),Mean,UHF42,Neighborhood (UHF 42),103,Fordham - Bronx Pk,2017 Summer,14.87,
602710,375,3,104,2025,122,Nitrogen Dioxide (NO2),Mean,UHF42,Neighborhood (UHF 42),103,Fordham - Bronx Pk,2017-18 Winter,22.82,
602709,375,3,104,2025,122,Nitrogen Dioxide (NO2),Mean,UHF42,Neighborhood (UHF 42),103,Fordham - Bronx Pk,2018 Summer,13.3,
643326,375,3,104,2025,122,Nitrogen Dioxide (NO2),Mean,UHF42,Neighborhood (UHF 42),103,Fordham - Bronx Pk,2018-19 Winter,19.92,
643325,375,3,104,2025,122,Nitrogen Dioxide (NO2),Mean,UHF42,Neighborhood (UHF 42),103,Fordham - Bronx Pk,2019 Summer,12.17,
667070,375,3,104,2025,122,Nitrogen Dioxide (NO2),Mean,UHF42,Neighborhood (UHF 42),103,Fordham - Bronx Pk,2019-20 Winter,22.59,
667071,375,3,104,2025,122,Nitrogen Dioxide (NO2),Mean,UHF42,Neighborhood (UHF 42),103,Fordham - Bronx Pk,2020 Summer,13.15,
412527,375,3,104,2025,122,Nitrogen Dioxide (NO2),Mean,UHF42,Neighborhood (UHF 42),406,Fresh Meadows,2016 Summer,13.7,
549861,375,3,104,2025,122,Nitrogen Dioxide (NO2),Mean,UHF42,Neighborhood (UHF 42),406,Fresh Meadows,2016-17 Winter,24.91,
549859,375,3,104,2025,122,Nitrogen Dioxide (NO2),Mean,UHF42,Neighborhood (UHF 42),406,Fresh Meadows,2017 Summer,13.83,
602803,375,3,104,2025,122,Nitrogen Dioxide (NO2),Mean,UHF42,Neighborhood (UHF 42),406,Fresh Meadows,2017-18 Winter,24.31,
602802,375,3,104,2025,122,Nitrogen Dioxide (NO2),Mean,UHF42,Neighborhood (UHF 42),406,Fresh Meadows,2018 Summer,12.36,
643419,375,3,104,2025,122,Nitrogen Dioxide (NO2),Mean,UHF42,Neighborhood (UHF 42),406,Fresh Meadows,2018-19 Winter,20.31,
643418,375,3,104,2025,122,Nitrogen Dioxide (NO2),Mean,UHF42,Neighborhood (UHF 42),406,Fresh Meadows,2019 Summer,12.64,
667256,375,3,104,2025,122,Nitrogen Dioxide (NO2),Mean,UHF42,Neighborhood (UHF 42),406,Fresh Meadows,2019-20 Winter,22.53,
667257,375,3,104,2025,122,Nitrogen Dioxide (NO2),Mean,UHF42,Neighborhood (UHF 42),406,Fresh Meadows,2020 Summer,9.49,
412500,375,3,104,2025,122,Nitrogen Dioxide (NO2),Mean,UHF42,Neighborhood (UHF 42),307,Gramercy Park - Murray Hill,2016 Summer,26.92,
549834,375,3,104,2025,122,Nitrogen Dioxide (NO2),Mean,UHF42,Neighborhood (UHF 42),307,Gramercy Park - Murray Hill,2016-17 Winter,34.66,
549832,375,3,104,2025,122,Nitrogen Dioxide (NO2),Mean,UHF42,Neighborhood (UHF 42),307,Gramercy Park - Murray Hill,2017 Summer,28.61,
602776,375,3,104,2025,122,Nitrogen Dioxide (NO2),Mean,UHF42,Neighborhood (UHF 42),307,Gramercy Park - Murray Hill,2017-18 Winter,33.05,
602775,375,3,104,2025,122,Nitrogen Dioxide (NO2),Mean,UHF42,Neighborhood (UHF 42),307,Gramercy Park - Murray Hill,2018 Summer,26.13,
643392,375,3,104,2025,122,Nitrogen Dioxide (NO2),Mean,UHF42,Neighborhood (UHF 42),307,Gramercy Park - Murray Hill,2018-19 Winter,29.66,
643391,375,3,104,2025,122,Nitrogen Dioxide (NO2),Mean,UHF42,Neighborhood (UHF 42),307,Gramercy Park - Murray Hill,2019 Summer,24.78,
667202,375,3,104,2025,122,Nitrogen Dioxide (NO2),Mean,UHF42,Neighborhood (UHF 42),307,Gramercy Park - Murray Hill,2019-20 Winter,34.16,
667203,375,3,104,2025,122,Nitrogen Dioxide (NO2),Mean,UHF42,Neighborhood (UHF 42),307,Gramercy Park - Murray Hill,2020 Summer,19.72,
412449,375,3,104,2025,122,Nitrogen Dioxide (NO2),Mean,UHF42,Neighborhood (UHF 42),201,Greenpoint,2016 Summer,16.59,
549783,375,3,104,2025,122,Nitrogen Dioxide (NO2),Mean,UHF42,Neighborhood (UHF 42),201,Greenpoint,2016-17 Winter,26.74,
549781,375,3,104,2025,122,Nitrogen Dioxide (NO2),Mean,UHF42,Neighborhood (UHF 42),201,Greenpoint,2017 Summer,16.36,
602725,375,3,104,2025,122,Nitrogen Dioxide (NO2),Mean,UHF42,Neighborhood (UHF 42),201,Greenpoint,2017-18 Winter,28.11,
602724,375,3,104,2025,122,Nitrogen Dioxide (NO2),Mean,UHF42,Neighborhood (UHF 42),201,Greenpoint,2018 Summer,17.47,
643341,375,3,104,2025,122,Nitrogen Dioxide (NO2),Mean,UHF42,Neighborhood (UHF 42),201,Greenpoint,2018-19 Winter,26.69,
643340,375,3,104,2025,122,Nitrogen Dioxide (NO2),Mean,UHF42,Neighborhood (UHF 42),201,Greenpoint,2019 Summer,19.22,
667100,375,3,104,2025,122,Nitrogen Dioxide (NO2),Mean,UHF42,Neighborhood (UHF 42),201,Greenpoint,2019-20 Winter,29.27,
667101,375,3,104,2025,122,Nitrogen Dioxide (NO2),Mean,UHF42,Neighborhood (UHF 42),201,Greenpoint,2020 Summer,14.72,
412503,375,3,104,2025,122,Nitrogen Dioxide (NO2),Mean,UHF42,Neighborhood (UHF 42),308,Greenwich Village - SoHo,2016 Summer,22.17,
549837,375,3,104,2025,122,Nitrogen Dioxide (NO2),Mean,UHF42,Neighborhood (UHF 42),308,Greenwich Village - SoHo,2016-17 Winter,30.12,
549835,375,3,104,2025,122,Nitrogen Dioxide (NO2),Mean,UHF42,Neighborhood (UHF 42),308,Greenwich Village - SoHo,2017 Summer,22.35,
602779,375,3,104,2025,122,Nitrogen Dioxide (NO2),Mean,UHF42,Neighborhood (UHF 42),308,Greenwich Village - SoHo,2017-18 Winter,29.62,
602778,375,3,104,2025,122,Nitrogen Dioxide (NO2),Mean,UHF42,Neighborhood (UHF 42),308,Greenwich Village - SoHo,2018 Summer,21.53,
643395,375,3,104,2025,122,Nitrogen Dioxide (NO2),Mean,UHF42,Neighborhood (UHF 42),308,Greenwich Village - SoHo,2018-19 Winter,27.47,
643394,375,3,104,2025,122,Nitrogen Dioxide (NO2),Mean,UHF42,Neighborhood (UHF 42),308,Greenwich Village - SoHo,2019 Summer,22.64,
667208,375,3,104,2025,122,Nitrogen Dioxide (NO2),Mean,UHF42,Neighborhood (UHF 42),308,Greenwich Village - SoHo,2019-20 Winter,31.63,
667209,375,3,104,2025,122,Nitrogen Dioxide (NO2),Mean,UHF42,Neighborhood (UHF 42),308,Greenwich Village - SoHo,2020 Summer,16.22,
412443,375,3,104,2025,122,Nitrogen Dioxide (NO2),Mean,UHF42,Neighborhood (UHF 42),106,High Bridge - Morrisania,2016 Summer,17.13,
549777,375,3,104,2025,122,Nitrogen Dioxide (NO2),Mean,UHF42,Neighborhood (UHF 42),106,High Bridge - Morrisania,2016-17 Winter,27.97,
549775,375,3,104,2025,122,Nitrogen Dioxide (NO2),Mean,UHF42,Neighborhood (UHF 42),106,High Bridge - Morrisania,2017 Summer,17.68,
602719,375,3,104,2025,122,Nitrogen Dioxide (NO2),Mean,UHF42,Neighborhood (UHF 42),106,High Bridge - Morrisania,2017-18 Winter,27.05,
602718,375,3,104,2025,122,Nitrogen Dioxide (NO2),Mean,UHF42,Neighborhood (UHF 42),106,High Bridge - Morrisania,2018 Summer,15.85,
643335,375,3,104,2025,122,Nitrogen Dioxide (NO2),Mean,UHF42,Neighborhood (UHF 42),106,High Bridge - Morrisania,2018-19 Winter,23.89,
643334,375,3,104,2025,122,Nitrogen Dioxide (NO2),Mean,UHF42,Neighborhood (UHF 42),106,High Bridge - Morrisania,2019 Summer,15.43,
667088,375,3,104,2025,122,Nitrogen Dioxide (NO2),Mean,UHF42,Neighborhood (UHF 42),106,High Bridge - Morrisania,2019-20 Winter,25.81,
667089,375,3,104,2025,122,Nitrogen Dioxide (NO2),Mean,UHF42,Neighborhood (UHF 42),106,High Bridge - Morrisania,2020 Summer,14.75,
412446,375,3,104,2025,122,Nitrogen Dioxide (NO2),Mean,UHF42,Neighborhood (UHF 42),107,Hunts Point - Mott Haven,2016 Summer,15.59,
549780,375,3,104,2025,122,Nitrogen Dioxide (NO2),Mean,UHF42,Neighborhood (UHF 42),107,Hunts Point - Mott Haven,2016-17 Winter,26.96,
549778,375,3,104,2025,122,Nitrogen Dioxide (NO2),Mean,UHF42,Neighborhood (UHF 42),107,Hunts Point - Mott Haven,2017 Summer,15.85,
602722,375,3,104,2025,122,Nitrogen Dioxide (NO2),Mean,UHF42,Neighborhood (UHF 42),107,Hunts Point - Mott Haven,2017-18 Winter,26.75,
602721,375,3,104,2025,122,Nitrogen Dioxide (NO2),Mean,UHF42,Neighborhood (UHF 42),107,Hunts Point - Mott Haven,2018 Summer,15.21,
643338,375,3,104,2025,122,Nitrogen Dioxide (NO2),Mean,UHF42,Neighborhood (UHF 42),107,Hunts Point - Mott Haven,2018-19 Winter,24.22,
643337,375,3,104,2025,122,Nitrogen Dioxide (NO2),Mean,UHF42,Neighborhood (UHF 42),107,Hunts Point - Mott Haven,2019 Summer,15.52,
667094,375,3,104,2025,122,Nitrogen Dioxide (NO2),Mean,UHF42,Neighborhood (UHF 42),107,Hunts Point - Mott Haven,2019-20 Winter,25.29,
667095,375,3,104,2025,122,Nitrogen Dioxide (NO2),Mean,UHF42,Neighborhood (UHF 42),107,Hunts Point - Mott Haven,2020 Summer,14.29,
412533,375,3,104,2025,122,Nitrogen Dioxide (NO2),Mean,UHF42,Neighborhood (UHF 42),408,Jamaica,2016 Summer,13.11,
549867,375,3,104,2025,122,Nitrogen Dioxide (NO2),Mean,UHF42,Neighborhood (UHF 42),408,Jamaica,2016-17 Winter,24.81,
549865,375,3,104,2025,122,Nitrogen Dioxide (NO2),Mean,UHF42,Neighborhood (UHF 42),408,Jamaica,2017 Summer,13.67,
602809,375,3,104,2025,122,Nitrogen Dioxide (NO2),Mean,UHF42,Neighborhood (UHF 42),408,Jamaica,2017-18 Winter,23.83,
602808,375,3,104,2025,122,Nitrogen Dioxide (NO2),Mean,UHF42,Neighborhood (UHF 42),408,Jamaica,2018 Summer,12.77,
643425,375,3,104,2025,122,Nitrogen Dioxide (NO2),Mean,UHF42,Neighborhood (UHF 42),408,Jamaica,2018-19 Winter,19.86,
643424,375,3,104,2025,122,Nitrogen Dioxide (NO2),Mean,UHF42,Neighborhood (UHF 42),408,Jamaica,2019 Summer,13.05,
667268,375,3,104,2025,122,Nitrogen Dioxide (NO2),Mean,UHF42,Neighborhood (UHF 42),408,Jamaica,2019-20 Winter,22.29,
667269,375,3,104,2025,122,Nitrogen Dioxide (NO2),Mean,UHF42,Neighborhood (UHF 42),408,Jamaica,2020 Summer,9.35,
412428,375,3,104,2025,122,Nitrogen Dioxide (NO2),Mean,UHF42,Neighborhood (UHF 42),101,Kingsbridge - Riverdale,2016 Summer,12.99,
549762,375,3,104,2025,122,Nitrogen Dioxide (NO2),Mean,UHF42,Neighborhood (UHF 42),101,Kingsbridge - Riverdale,2016-17 Winter,24.27,
549760,375,3,104,2025,122,Nitrogen Dioxide (NO2),Mean,UHF42,Neighborhood (UHF 42),101,Kingsbridge - Riverdale,2017 Summer,13.02,
602704,375,3,104,2025,122,Nitrogen Dioxide (NO2),Mean,UHF42,Neighborhood (UHF 42),101,Kingsbridge - Riverdale,2017-18 Winter,21.31,
602703,375,3,104,2025,122,Nitrogen Dioxide (NO2),Mean,UHF42,Neighborhood (UHF 42),101,Kingsbridge - Riverdale,2018 Summer,11.69,
643320,375,3,104,2025,122,Nitrogen Dioxide (NO2),Mean,UHF42,Neighborhood (UHF 42),101,Kingsbridge - Riverdale,2018-19 Winter,18.32,
643319,375,3,104,2025,122,Nitrogen Dioxide (NO2),Mean,UHF42,Neighborhood (UHF 42),101,Kingsbridge - Riverdale,2019 Summer,10.39,
667058,375,3,104,2025,122,Nitrogen Dioxide (NO2),Mean,UHF42,Neighborhood (UHF 42),101,Kingsbridge - Riverdale,2019-20 Winter,21.27,
667059,375,3,104,2025,122,Nitrogen Dioxide (NO2),Mean,UHF42,Neighborhood (UHF 42),101,Kingsbridge - Riverdale,2020 Summer,12.22,
412512,375,3,104,2025,122,Nitrogen Dioxide (NO2),Mean,UHF42,Neighborhood (UHF 42),401,Long Island City - Astoria,2016 Summer,16.02,
549846,375,3,104,2025,122,Nitrogen Dioxide (NO2),Mean,UHF42,Neighborhood (UHF 42),401,Long Island City - Astoria,2016-17 Winter,26.93,
549844,375,3,104,2025,122,Nitrogen Dioxide (NO2),Mean,UHF42,Neighborhood (UHF 42),401,Long Island City - Astoria,2017 Summer,16.21,
602788,375,3,104,2025,122,Nitrogen Dioxide (NO2),Mean,UHF42,Neighborhood (UHF 42),401,Long Island City - Astoria,2017-18 Winter,27.14,
602787,375,3,104,2025,122,Nitrogen Dioxide (NO2),Mean,UHF42,Neighborhood (UHF 42),401,Long Island City - Astoria,2018 Summer,16.35,
643404,375,3,104,2025,122,Nitrogen Dioxide (NO2),Mean,UHF42,Neighborhood (UHF 42),401,Long Island City - Astoria,2018-19 Winter,25.7,
643403,375,3,104,2025,122,Nitrogen Dioxide (NO2),Mean,UHF42,Neighborhood (UHF 42),401,Long Island City - Astoria,2019 Summer,17.72,
667226,375,3,104,2025,122,Nitrogen Dioxide (NO2),Mean,UHF42,Neighborhood (UHF 42),401,Long Island City - Astoria,2019-20 Winter,27.62,
667227,375,3,104,2025,122,Nitrogen Dioxide (NO2),Mean,UHF42,Neighborhood (UHF 42),401,Long Island City - Astoria,2020 Summer,14.24,
412509,375,3,104,2025,122,Nitrogen Dioxide (NO2),Mean,UHF42,Neighborhood (UHF 42),310,Lower Manhattan,2016 Summer,22.76,
549843,375,3,104,2025,122,Nitrogen Dioxide (NO2),Mean,UHF42,Neighborhood (UHF 42),310,Lower Manhattan,2016-17 Winter,30.24,
549841,375,3,104,2025,122,Nitrogen Dioxide (NO2),Mean,UHF42,Neighborhood (UHF 42),310,Lower Manhattan,2017 Summer,22.95,
602785,375,3,104,2025,122,Nitrogen Dioxide (NO2),Mean,UHF42,Neighborhood (UHF 42),310,Lower Manhattan,2017-18 Winter,30.06,
602784,375,3,104,2025,122,Nitrogen Dioxide (NO2),Mean,UHF42,Neighborhood (UHF 42),310,Lower Manhattan,2018 Summer,21.79,
643401,375,3,104,2025,122,Nitrogen Dioxide (NO2),Mean,UHF42,Neighborhood (UHF 42),310,Lower Manhattan,2018-19 Winter,27.74,
643400,375,3,104,2025,122,Nitrogen Dioxide (NO2),Mean,UHF42,Neighborhood (UHF 42),310,Lower Manhattan,2019 Summer,23.09,
667220,375,3,104,2025,122,Nitrogen Dioxide (NO2),Mean,UHF42,Neighborhood (UHF 42),310,Lower Manhattan,2019-20 Winter,32.12,
667221,375,3,104,2025,122,Nitrogen Dioxide (NO2),Mean,UHF42,Neighborhood (UHF 42),310,Lower Manhattan,2020 Summer,16.58,
412431,375,3,104,2025,122,Nitrogen Dioxide (NO2),Mean,UHF42,Neighborhood (UHF 42),102,Northeast Bronx,2016 Summer,14.6,
549765,375,3,104,2025,122,Nitrogen Dioxide (NO2),Mean,UHF42,Neighborhood (UHF 42),102,Northeast Bronx,2016-17 Winter,26.39,
549763,375,3,104,2025,122,Nitrogen Dioxide (NO2),Mean,UHF42,Neighborhood (UHF 42),102,Northeast Bronx,2017 Summer,14.37,
602707,375,3,104,2025,122,Nitrogen Dioxide (NO2),Mean,UHF42,Neighborhood (UHF 42),102,Northeast Bronx,2017-18 Winter,21.29,
602706,375,3,104,2025,122,Nitrogen Dioxide (NO2),Mean,UHF42,Neighborhood (UHF 42),102,Northeast Bronx,2018 Summer,13.05,
643323,375,3,104,2025,122,Nitrogen Dioxide (NO2),Mean,UHF42,Neighborhood (UHF 42),102,Northeast Bronx,2018-19 Winter,19.11,
643322,375,3,104,2025,122,Nitrogen Dioxide (NO2),Mean,UHF42,Neighborhood (UHF 42),102,Northeast Bronx,2019 Summer,12.28,
667064,375,3,104,2025,122,Nitrogen Dioxide (NO2),Mean,UHF42,Neighborhood (UHF 42),102,Northeast Bronx,2019-20 Winter,21.91,
667065,375,3,104,2025,122,Nitrogen Dioxide (NO2),Mean,UHF42,Neighborhood (UHF 42),102,Northeast Bronx,2020 Summer,13,
412437,375,3,104,2025,122,Nitrogen Dioxide (NO2),Mean,UHF42,Neighborhood (UHF 42),104,Pelham - Throgs Neck,2016 Summer,14.25,
549771,375,3,104,2025,122,Nitrogen Dioxide (NO2),Mean,UHF42,Neighborhood (UHF 42),104,Pelham - Throgs Neck,2016-17 Winter,25.91,
549769,375,3,104,2025,122,Nitrogen Dioxide (NO2),Mean,UHF42,Neighborhood (UHF 42),104,Pelham - Throgs Neck,2017 Summer,14.14,
602713,375,3,104,2025,122,Nitrogen Dioxide (NO2),Mean,UHF42,Neighborhood (UHF 42),104,Pelham - Throgs Neck,2017-18 Winter,22.91,
602712,375,3,104,2025,122,Nitrogen Dioxide (NO2),Mean,UHF42,Neighborhood (UHF 42),104,Pelham - Throgs Neck,2018 Summer,12.84,
643329,375,3,104,2025,122,Nitrogen Dioxide (NO2),Mean,UHF42,Neighborhood (UHF 42),104,Pelham - Throgs Neck,2018-19 Winter,20.36,
643328,375,3,104,2025,122,Nitrogen Dioxide (NO2),Mean,UHF42,Neighborhood (UHF 42),104,Pelham - Throgs Neck,2019 Summer,12.8,
667076,375,3,104,2025,122,Nitrogen Dioxide (NO2),Mean,UHF42,Neighborhood (UHF 42),104,Pelham - Throgs Neck,2019-20 Winter,22.22,
667077,375,3,104,2025,122,Nitrogen Dioxide (NO2),Mean,UHF42,Neighborhood (UHF 42),104,Pelham - Throgs Neck,2020 Summer,12.14,
412542,375,3,104,2025,122,Nitrogen Dioxide (NO2),Mean,UHF42,Neighborhood (UHF 42),501,Port Richmond,2016 Summer,13.86,
549876,375,3,104,2025,122,Nitrogen Dioxide (NO2),Mean,UHF42,Neighborhood (UHF 42),501,Port Richmond,2016-17 Winter,21.5,
549874,375,3,104,2025,122,Nitrogen Dioxide (NO2),Mean,UHF42,Neighborhood (UHF 42),501,Port Richmond,2017 Summer,13.28,
602818,375,3,104,2025,122,Nitrogen Dioxide (NO2),Mean,UHF42,Neighborhood (UHF 42),501,Port Richmond,2017-18 Winter,22.6,
602817,375,3,104,2025,122,Nitrogen Dioxide (NO2),Mean,UHF42,Neighborhood (UHF 42),501,Port Richmond,2018 Summer,12.34,
643434,375,3,104,2025,122,Nitrogen Dioxide (NO2),Mean,UHF42,Neighborhood (UHF 42),501,Port Richmond,2018-19 Winter,20.12,
643433,375,3,104,2025,122,Nitrogen Dioxide (NO2),Mean,UHF42,Neighborhood (UHF 42),501,Port Richmond,2019 Summer,14.27,
667286,375,3,104,2025,122,Nitrogen Dioxide (NO2),Mean,UHF42,Neighborhood (UHF 42),501,Port Richmond,2019-20 Winter,21.89,
667287,375,3,104,2025,122,Nitrogen Dioxide (NO2),Mean,UHF42,Neighborhood (UHF 42),501,Port Richmond,2020 Summer,9.8,
412524,375,3,104,2025,122,Nitrogen Dioxide (NO2),Mean,UHF42,Neighborhood (UHF 42),405,Ridgewood - Forest Hills,2016 Summer,13.62,
549858,375,3,104,2025,122,Nitrogen Dioxide (NO2),Mean,UHF42,Neighborhood (UHF 42),405,Ridgewood - Forest Hills,2016-17 Winter,25.06,
549856,375,3,104,2025,122,Nitrogen Dioxide (NO2),Mean,UHF42,Neighborhood (UHF 42),405,Ridgewood - Forest Hills,2017 Summer,13.79,
602800,375,3,104,2025,122,Nitrogen Dioxide (NO2),Mean,UHF42,Neighborhood (UHF 42),405,Ridgewood - Forest Hills,2017-18 Winter,25.21,
602799,375,3,104,2025,122,Nitrogen Dioxide (NO2),Mean,UHF42,Neighborhood (UHF 42),405,Ridgewood - Forest Hills,2018 Summer,12.54,
643416,375,3,104,2025,122,Nitrogen Dioxide (NO2),Mean,UHF42,Neighborhood (UHF 42),405,Ridgewood - Forest Hills,2018-19 Winter,22.03,
643415,375,3,104,2025,122,Nitrogen Dioxide (NO2),Mean,UHF42,Neighborhood (UHF 42),405,Ridgewood - Forest Hills,2019 Summer,12.77,
667250,375,3,104,2025,122,Nitrogen Dioxide (NO2),Mean,UHF42,Neighborhood (UHF 42),405,Ridgewood - Forest Hills,2019-20 Winter,25.26,
667251,375,3,104,2025,122,Nitrogen Dioxide (NO2),Mean,UHF42,Neighborhood (UHF 42),405,Ridgewood - Forest Hills,2020 Summer,10.49,
412539,375,3,104,2025,122,Nitrogen Dioxide (NO2),Mean,UHF42,Neighborhood (UHF 42),410,Rockaways,2016 Summer,6.22,
549873,375,3,104,2025,122,Nitrogen Dioxide (NO2),Mean,UHF42,Neighborhood (UHF 42),410,Rockaways,2016-17 Winter,21.06,
549871,375,3,104,2025,122,Nitrogen Dioxide (NO2),Mean,UHF42,Neighborhood (UHF 42),410,Rockaways,2017 Summer,7.81,
602815,375,3,104,2025,122,Nitrogen Dioxide (NO2),Mean,UHF42,Neighborhood (UHF 42),410,Rockaways,2017-18 Winter,14.41,
602814,375,3,104,2025,122,Nitrogen Dioxide (NO2),Mean,UHF42,Neighborhood (UHF 42),410,Rockaways,2018 Summer,6.73,
643431,375,3,104,2025,122,Nitrogen Dioxide (NO2),Mean,UHF42,Neighborhood (UHF 42),410,Rockaways,2018-19 Winter,13.95,
643430,375,3,104,2025,122,Nitrogen Dioxide (NO2),Mean,UHF42,Neighborhood (UHF 42),410,Rockaways,2019 Summer,7.33,
667280,375,3,104,2025,122,Nitrogen Dioxide (NO2),Mean,UHF42,Neighborhood (UHF 42),410,Rockaways,2019-20 Winter,17.57,
667281,375,3,104,2025,122,Nitrogen Dioxide (NO2),Mean,UHF42,Neighborhood (UHF 42),410,Rockaways,2020 Summer,5.96,
412551,375,3,104,2025,122,Nitrogen Dioxide (NO2),Mean,UHF42,Neighborhood (UHF 42),504,South Beach - Tottenville,2016 Summer,6.73,
549885,375,3,104,2025,122,Nitrogen Dioxide (NO2),Mean,UHF42,Neighborhood (UHF 42),504,South Beach - Tottenville,2016-17 Winter,17.51,
549883,375,3,104,2025,122,Nitrogen Dioxide (NO2),Mean,UHF42,Neighborhood (UHF 42),504,South Beach - Tottenville,2017 Summer,7.77,
602827,375,3,104,2025,122,Nitrogen Dioxide (NO2),Mean,UHF42,Neighborhood (UHF 42),504,South Beach - Tottenville,2017-18 Winter,17.21,
602826,375,3,104,2025,122,Nitrogen Dioxide (NO2),Mean,UHF42,Neighborhood (UHF 42),504,South Beach - Tottenville,2018 Summer,6.28,
643443,375,3,104,2025,122,Nitrogen Dioxide (NO2),Mean,UHF42,Neighborhood (UHF 42),504,South Beach - Tottenville,2018-19 Winter,14.25,
643442,375,3,104,2025,122,Nitrogen Dioxide (NO2),Mean,UHF42,Neighborhood (UHF 42),504,South Beach - Tottenville,2019 Summer,7.82,
667304,375,3,104,2025,122,Nitrogen Dioxide (NO2),Mean,UHF42,Neighborhood (UHF 42),504,South Beach - Tottenville,2019-20 Winter,15.41,
667305,375,3,104,2025,122,Nitrogen Dioxide (NO2),Mean,UHF42,Neighborhood (UHF 42),504,South Beach - Tottenville,2020 Summer,7.29,
412536,375,3,104,2025,122,Nitrogen Dioxide (NO2),Mean,UHF42,Neighborhood (UHF 42),409,Southeast Queens,2016 Summer,12.13,
549870,375,3,104,2025,122,Nitrogen Dioxide (NO2),Mean,UHF42,Neighborhood (UHF 42),409,Southeast Queens,2016-17 Winter,24.02,
549868,375,3,104,2025,122,Nitrogen Dioxide (NO2),Mean,UHF42,Neighborhood (UHF 42),409,Southeast Queens,2017 Summer,12.59,
602812,375,3,104,2025,122,Nitrogen Dioxide (NO2),Mean,UHF42,Neighborhood (UHF 42),409,Southeast Queens,2017-18 Winter,21.61,
602811,375,3,104,2025,122,Nitrogen Dioxide (NO2),Mean,UHF42,Neighborhood (UHF 42),409,Southeast Queens,2018 Summer,12.22,
643428,375,3,104,2025,122,Nitrogen Dioxide (NO2),Mean,UHF42,Neighborhood (UHF 42),409,Southeast Queens,2018-19 Winter,17.99,
643427,375,3,104,2025,122,Nitrogen Dioxide (NO2),Mean,UHF42,Neighborhood (UHF 42),409,Southeast Queens,2019 Summer,12.99,
667274,375,3,104,2025,122,Nitrogen Dioxide (NO2),Mean,UHF42,Neighborhood (UHF 42),409,Southeast Queens,2019-20 Winter,20.09,
667275,375,3,104,2025,122,Nitrogen Dioxide (NO2),Mean,UHF42,Neighborhood (UHF 42),409,Southeast Queens,2020 Summer,8.37,
412530,375,3,104,2025,122,Nitrogen Dioxide (NO2),Mean,UHF42,Neighborhood (UHF 42),407,Southwest Queens,2016 Summer,12.77,
549864,375,3,104,2025,122,Nitrogen Dioxide (NO2),Mean,UHF42,Neighborhood (UHF 42),407,Southwest Queens,2016-17 Winter,24.86,
549862,375,3,104,2025,122,Nitrogen Dioxide (NO2),Mean,UHF42,Neighborhood (UHF 42),407,Southwest Queens,2017 Summer,13.34,
602806,375,3,104,2025,122,Nitrogen Dioxide (NO2),Mean,UHF42,Neighborhood (UHF 42),407,Southwest Queens,2017-18 Winter,23.99,
602805,375,3,104,2025,122,Nitrogen Dioxide (NO2),Mean,UHF42,Neighborhood (UHF 42),407,Southwest Queens,2018 Summer,11.83,
643422,375,3,104,2025,122,Nitrogen Dioxide (NO2),Mean,UHF42,Neighborhood (UHF 42),407,Southwest Queens,2018-19 Winter,20.41,
643421,375,3,104,2025,122,Nitrogen Dioxide (NO2),Mean,UHF42,Neighborhood (UHF 42),407,Southwest Queens,2019 Summer,11.69,
667262,375,3,104,2025,122,Nitrogen Dioxide (NO2),Mean,UHF42,Neighborhood (UHF 42),407,Southwest Queens,2019-20 Winter,23.92,
667263,375,3,104,2025,122,Nitrogen Dioxide (NO2),Mean,UHF42,Neighborhood (UHF 42),407,Southwest Queens,2020 Summer,9.47,
412545,375,3,104,2025,122,Nitrogen Dioxide (NO2),Mean,UHF42,Neighborhood (UHF 42),502,Stapleton - St. George,2016 Summer,10.91,
549879,375,3,104,2025,122,Nitrogen Dioxide (NO2),Mean,UHF42,Neighborhood (UHF 42),502,Stapleton - St. George,2016-17 Winter,19.92,
549877,375,3,104,2025,122,Nitrogen Dioxide (NO2),Mean,UHF42,Neighborhood (UHF 42),502,Stapleton - St. George,2017 Summer,10.3,
602821,375,3,104,2025,122,Nitrogen Dioxide (NO2),Mean,UHF42,Neighborhood (UHF 42),502,Stapleton - St. George,2017-18 Winter,20.07,
602820,375,3,104,2025,122,Nitrogen Dioxide (NO2),Mean,UHF42,Neighborhood (UHF 42),502,Stapleton - St. George,2018 Summer,9.31,
643437,375,3,104,2025,122,Nitrogen Dioxide (NO2),Mean,UHF42,Neighborhood (UHF 42),502,Stapleton - St. George,2018-19 Winter,17.83,
643436,375,3,104,2025,122,Nitrogen Dioxide (NO2),Mean,UHF42,Neighborhood (UHF 42),502,Stapleton - St. George,2019 Summer,11.42,
667292,375,3,104,2025,122,Nitrogen Dioxide (NO2),Mean,UHF42,Neighborhood (UHF 42),502,Stapleton - St. George,2019-20 Winter,20.53,
667293,375,3,104,2025,122,Nitrogen Dioxide (NO2),Mean,UHF42,Neighborhood (UHF 42),502,Stapleton - St. George,2020 Summer,8.02,
412461,375,3,104,2025,122,Nitrogen Dioxide (NO2),Mean,UHF42,Neighborhood (UHF 42),205,Sunset Park,2016 Summer,15.07,
549795,375,3,104,2025,122,Nitrogen Dioxide (NO2),Mean,UHF42,Neighborhood (UHF 42),205,Sunset Park,2016-17 Winter,24.33,
549793,375,3,104,2025,122,Nitrogen Dioxide (NO2),Mean,UHF42,Neighborhood (UHF 42),205,Sunset Park,2017 Summer,14.14,
602737,375,3,104,2025,122,Nitrogen Dioxide (NO2),Mean,UHF42,Neighborhood (UHF 42),205,Sunset Park,2017-18 Winter,25.76,
602736,375,3,104,2025,122,Nitrogen Dioxide (NO2),Mean,UHF42,Neighborhood (UHF 42),205,Sunset Park,2018 Summer,14.4,
643353,375,3,104,2025,122,Nitrogen Dioxide (NO2),Mean,UHF42,Neighborhood (UHF 42),205,Sunset Park,2018-19 Winter,23.31,
643352,375,3,104,2025,122,Nitrogen Dioxide (NO2),Mean,UHF42,Neighborhood (UHF 42),205,Sunset Park,2019 Summer,16.21,
667124,375,3,104,2025,122,Nitrogen Dioxide (NO2),Mean,UHF42,Neighborhood (UHF 42),205,Sunset Park,2019-20 Winter,26.36,
667125,375,3,104,2025,122,Nitrogen Dioxide (NO2),Mean,UHF42,Neighborhood (UHF 42),205,Sunset Park,2020 Summer,11.77,
412506,375,3,104,2025,122,Nitrogen Dioxide (NO2),Mean,UHF42,Neighborhood (UHF 42),309,Union Square - Lower East Side,2016 Summer,20.44,
549840,375,3,104,2025,122,Nitrogen Dioxide (NO2),Mean,UHF42,Neighborhood (UHF 42),309,Union Square - Lower East Side,2016-17 Winter,28.98,
549838,375,3,104,2025,122,Nitrogen Dioxide (NO2),Mean,UHF42,Neighborhood (UHF 42),309,Union Square - Lower East Side,2017 Summer,20.58,
602782,375,3,104,2025,122,Nitrogen Dioxide (NO2),Mean,UHF42,Neighborhood (UHF 42),309,Union Square - Lower East Side,2017-18 Winter,28.12,
602781,375,3,104,2025,122,Nitrogen Dioxide (NO2),Mean,UHF42,Neighborhood (UHF 42),309,Union Square - Lower East Side,2018 Summer,19.38,
643398,375,3,104,2025,122,Nitrogen Dioxide (NO2),Mean,UHF42,Neighborhood (UHF 42),309,Union Square - Lower East Side,2018-19 Winter,25.9,
643397,375,3,104,2025,122,Nitrogen Dioxide (NO2),Mean,UHF42,Neighborhood (UHF 42),309,Union Square - Lower East Side,2019 Summer,20.28,
667214,375,3,104,2025,122,Nitrogen Dioxide (NO2),Mean,UHF42,Neighborhood (UHF 42),309,Union Square - Lower East Side,2019-20 Winter,30.06,
667215,375,3,104,2025,122,Nitrogen Dioxide (NO2),Mean,UHF42,Neighborhood (UHF 42),309,Union Square - Lower East Side,2020 Summer,14.45,
412494,375,3,104,2025,122,Nitrogen Dioxide (NO2),Mean,UHF42,Neighborhood (UHF 42),305,Upper East Side,2016 Summer,20.78,
549828,375,3,104,2025,122,Nitrogen Dioxide (NO2),Mean,UHF42,Neighborhood (UHF 42),305,Upper East Side,2016-17 Winter,30.22,
549826,375,3,104,2025,122,Nitrogen Dioxide (NO2),Mean,UHF42,Neighborhood (UHF 42),305,Upper East Side,2017 Summer,21.92,
602770,375,3,104,2025,122,Nitrogen Dioxide (NO2),Mean,UHF42,Neighborhood (UHF 42),305,Upper East Side,2017-18 Winter,28.57,
602769,375,3,104,2025,122,Nitrogen Dioxide (NO2),Mean,UHF42,Neighborhood (UHF 42),305,Upper East Side,2018 Summer,19.87,
643386,375,3,104,2025,122,Nitrogen Dioxide (NO2),Mean,UHF42,Neighborhood (UHF 42),305,Upper East Side,2018-19 Winter,26.49,
643385,375,3,104,2025,122,Nitrogen Dioxide (NO2),Mean,UHF42,Neighborhood (UHF 42),305,Upper East Side,2019 Summer,20.08,
667190,375,3,104,2025,122,Nitrogen Dioxide (NO2),Mean,UHF42,Neighborhood (UHF 42),305,Upper East Side,2019-20 Winter,29.8,
667191,375,3,104,2025,122,Nitrogen Dioxide (NO2),Mean,UHF42,Neighborhood (UHF 42),305,Upper East Side,2020 Summer,16.33,
412491,375,3,104,2025,122,Nitrogen Dioxide (NO2),Mean,UHF42,Neighborhood (UHF 42),304,Upper West Side,2016 Summer,19.1,
549825,375,3,104,2025,122,Nitrogen Dioxide (NO2),Mean,UHF42,Neighborhood (UHF 42),304,Upper West Side,2016-17 Winter,28.64,
549823,375,3,104,2025,122,Nitrogen Dioxide (NO2),Mean,UHF42,Neighborhood (UHF 42),304,Upper West Side,2017 Summer,19.98,
602767,375,3,104,2025,122,Nitrogen Dioxide (NO2),Mean,UHF42,Neighborhood (UHF 42),304,Upper West Side,2017-18 Winter,27.31,
602766,375,3,104,2025,122,Nitrogen Dioxide (NO2),Mean,UHF42,Neighborhood (UHF 42),304,Upper West Side,2018 Summer,18.4,
643383,375,3,104,2025,122,Nitrogen Dioxide (NO2),Mean,UHF42,Neighborhood (UHF 42),304,Upper West Side,2018-19 Winter,25.25,
643382,375,3,104,2025,122,Nitrogen Dioxide (NO2),Mean,UHF42,Neighborhood (UHF 42),304,Upper West Side,2019 Summer,18.84,
667184,375,3,104,2025,122,Nitrogen Dioxide (NO2),Mean,UHF42,Neighborhood (UHF 42),304,Upper West Side,2019-20 Winter,28.11,
667185,375,3,104,2025,122,Nitrogen Dioxide (NO2),Mean,UHF42,Neighborhood (UHF 42),304,Upper West Side,2020 Summer,15.07,
412482,375,3,104,2025,122,Nitrogen Dioxide (NO2),Mean,UHF42,Neighborhood (UHF 42),301,Washington Heights,2016 Summer,16.19,
549816,375,3,104,2025,122,Nitrogen Dioxide (NO2),Mean,UHF42,Neighborhood (UHF 42),301,Washington Heights,2016-17 Winter,26.85,
549814,375,3,104,2025,122,Nitrogen Dioxide (NO2),Mean,UHF42,Neighborhood (UHF 42),301,Washington Heights,2017 Summer,16.69,
602758,375,3,104,2025,122,Nitrogen Dioxide (NO2),Mean,UHF42,Neighborhood (UHF 42),301,Washington Heights,2017-18 Winter,25.64,
602757,375,3,104,2025,122,Nitrogen Dioxide (NO2),Mean,UHF42,Neighborhood (UHF 42),301,Washington Heights,2018 Summer,14.97,
643374,375,3,104,2025,122,Nitrogen Dioxide (NO2),Mean,UHF42,Neighborhood (UHF 42),301,Washington Heights,2018-19 Winter,22.24,
643373,375,3,104,2025,122,Nitrogen Dioxide (NO2),Mean,UHF42,Neighborhood (UHF 42),301,Washington Heights,2019 Summer,14.03,
667166,375,3,104,2025,122,Nitrogen Dioxide (NO2),Mean,UHF42,Neighborhood (UHF 42),301,Washington Heights,2019-20 Winter,24.62,
667167,375,3,104,2025,122,Nitrogen Dioxide (NO2),Mean,UHF42,Neighborhood (UHF 42),301,Washington Heights,2020 Summer,14.03,
412515,375,3,104,2025,122,Nitrogen Dioxide (NO2),Mean,UHF42,Neighborhood (UHF 42),402,West Queens,2016 Summer,15.6,
549849,375,3,104,2025,122,Nitrogen Dioxide (NO2),Mean,UHF42,Neighborhood (UHF 42),402,West Queens,2016-17 Winter,26.77,
549847,375,3,104,2025,122,Nitrogen Dioxide (NO2),Mean,UHF42,Neighborhood (UHF 42),402,West Queens,2017 Summer,15.77,
602791,375,3,104,2025,122,Nitrogen Dioxide (NO2),Mean,UHF42,Neighborhood (UHF 42),402,West Queens,2017-18 Winter,26.84,
602790,375,3,104,2025,122,Nitrogen Dioxide (NO2),Mean,UHF42,Neighborhood (UHF 42),402,West Queens,2018 Summer,14.92,
643407,375,3,104,2025,122,Nitrogen Dioxide (NO2),Mean,UHF42,Neighborhood (UHF 42),402,West Queens,2018-19 Winter,24.36,
643406,375,3,104,2025,122,Nitrogen Dioxide (NO2),Mean,UHF42,Neighborhood (UHF 42),402,West Queens,2019 Summer,15.58,
667232,375,3,104,2025,122,Nitrogen Dioxide (NO2),Mean,UHF42,Neighborhood (UHF 42),402,West Queens,2019-20 Winter,26.72,
667233,375,3,104,2025,122,Nitrogen Dioxide (NO2),Mean,UHF42,Neighborhood (UHF 42),402,West Queens,2020 Summer,12.85,
412479,375,3,104,2025,122,Nitrogen Dioxide (NO2),Mean,UHF42,Neighborhood (UHF 42),211,Williamsburg - Bushwick,2016 Summer,15.94,
549813,375,3,104,2025,122,Nitrogen Dioxide (NO2),Mean,UHF42,Neighborhood (UHF 42),211,Williamsburg - Bushwick,2016-17 Winter,26.64,
549811,375,3,104,2025,122,Nitrogen Dioxide (NO2),Mean,UHF42,Neighborhood (UHF 42),211,Williamsburg - Bushwick,2017 Summer,15.73,
602755,375,3,104,2025,122,Nitrogen Dioxide (NO2),Mean,UHF42,Neighborhood (UHF 42),211,Williamsburg - Bushwick,2017-18 Winter,27.7,
602754,375,3,104,2025,122,Nitrogen Dioxide (NO2),Mean,UHF42,Neighborhood (UHF 42),211,Williamsburg - Bushwick,2018 Summer,15.84,
643371,375,3,104,2025,122,Nitrogen Dioxide (NO2),Mean,UHF42,Neighborhood (UHF 42),211,Williamsburg - Bushwick,2018-19 Winter,25.25,
643370,375,3,104,2025,122,Nitrogen Dioxide (NO2),Mean,UHF42,Neighborhood (UHF 42),211,Williamsburg - Bushwick,2019 Summer,16.66,
667160,375,3,104,2025,122,Nitrogen Dioxide (NO2),Mean,UHF42,Neighborhood (UHF 42),211,Williamsburg - Bushwick,2019-20 Winter,28.7,
667161,375,3,104,2025,122,Nitrogen Dioxide (NO2),Mean,UHF42,Neighborhood (UHF 42),211,Williamsburg - Bushwick,2020 Summer,13.24,
412548,375,3,104,2025,122,Nitrogen Dioxide (NO2),Mean,UHF42,Neighborhood (UHF 42),503,Willowbrook,2016 Summer,10.16,
549882,375,3,104,2025,122,Nitrogen Dioxide (NO2),Mean,UHF42,Neighborhood (UHF 42),503,Willowbrook,2016-17 Winter,18.77,
549880,375,3,104,2025,122,Nitrogen Dioxide (NO2),Mean,UHF42,Neighborhood (UHF 42),503,Willowbrook,2017 Summer,10.16,
602824,375,3,104,2025,122,Nitrogen Dioxide (NO2),Mean,UHF42,Neighborhood (UHF 42),503,Willowbrook,2017-18 Winter,19.5,
602823,375,3,104,2025,122,Nitrogen Dioxide (NO2),Mean,UHF42,Neighborhood (UHF 42),503,Willowbrook,2018 Summer,9.09,
643440,375,3,104,2025,122,Nitrogen Dioxide (NO2),Mean,UHF42,Neighborhood (UHF 42),503,Willowbrook,2018-19 Winter,16.55,
643439,375,3,104,2025,122,Nitrogen Dioxide (NO2),Mean,UHF42,Neighborhood (UHF 42),503,Willowbrook,2019 Summer,10.36,
667298,375,3,104,2025,122,Nitrogen Dioxide (NO2),Mean,UHF42,Neighborhood (UHF 42),503,Willowbrook,2019-20 Winter,18.46,
667299,375,3,104,2025,122,Nitrogen Dioxide (NO2),Mean,UHF42,Neighborhood (UHF 42),503,Willowbrook,2020 Summer,7.84,
